ig acc name,date of scraping,bio,no. of post,no. of follower,posts in last week,average likes per posts
179cm.korea,30/1/2024,"Made in Korea
Quality Over Everything.
�
??3????|?????4????
??????????
DM ??| ??????",556,26458,0,0
2.pm_store,30/1/2024,"???????????
153cm - 167cm model????
?
?????$1000????????
????23:59??
?????????
????/ ????
?
?????????????????????????????
???????????????/??????
?
????????",401,11780,0,0
82closet,30/1/2024,"?? All from Korea 
?? Unisex & woman�s wear
?? ?????????highlight story",295,16699,0,0
__deerest,30/1/2024,"?
???????highlight?1??????
????????????????
????? ??????
.
???700????
? ?? : whatsapp 51929112
.
??????",1662,60641,4,40.25
acme.co_,30/1/2024,"�
Style your life with the simplest items?
�
Order/Any enquirers
DM/WhatsApp
�
??Payment 
HSBC/BOC/PAYME",300,12051,0,0
ajournal.wear,30/1/2024,"? ?? Showroom / ?????story
? 100% ?????????????? ???????? ??????????
? ???????????????? ???????????????? (????)
? ????????
? ?????????????20?7B",754,32269,7,112.2857143
blackmodes_,30/1/2024,"????????2?95? 3?88?????
?????? ???????? ???? ??????????
??????????????? 
2023????(??0009?0010)
?
??????
???????2?236??
???????700?T.O.P 3/F 318?
??????????????16?10?",2545,64611,0,0
chichistorehk,30/1/2024,"??? ? ? ???
?? ?? $?? ??
?? ?? $?? ??
?? ?? $?? ?? ??
?????????? ????????
?????? ?? ?? % ? ? ? ? 
�������������
?????????
????????",1581,16672,0,0
clodayshk,30/1/2024,"@clodayshk @clodayss 
?????????? | ??????
??????HKD$800????VIP
���
????Whatsapp 5717 8232 / Dm
?????? ????$600??????
??Tap&Go / PayMe /??????",412,10521,0,0
concept_kimbo,30/1/2024,"???$299?????
???? & ????
????????
????ApplePay/ Payme/???/????
????????
??????????
.
??:IG DM/ Wts55116559
???7-14?????
????2941787",127,5915,0,0
cornerc.co,30/1/2024,"????.??.????????????
???????-??????, ??-?????? ??????-??????,??-??:?????????
?
??????????$500????????9????
?????WhatsApp ?+?????? ???? ?????? ?????? ???",1876,98331,6,438.5
delunaboutique,30/1/2024,"? Hello 2024 ? New Season
?? ?????????????
?????????? ?????????
-
WhatsApp +852 46079931
?????????7-21???
?? @deluna.luxury 
-
??????????????OK .?.?",485,24366,0,0
downshifting_hk,30/1/2024,"EST 2020
.
Based in Hong Kong
.
Wear with confidence",342,12914,3,-1
dress.code_hk,30/1/2024,"??????28/1
-??????% ???????? ???? ??????????-
-????????-
.
????????????
????3?? ?????7-14?
?? ???  |  ????? | ??s 
????/??????? � ????????????????",157,3801,0,0
dress.code_hk,30/1/2024,"??????28/1
-??????% ???????? ???? ??????????-
-????????-
.
????????????
????3?? ?????7-14?
?? ???  |  ????? | ??s 
????/??????? � ????????????????",157,3803,0,0
dwilapparels,30/1/2024,"??1??????????
�??% ???? ?? ?????????
? ???ss ???? ?? ???? ?
????????????APM? 
?4-8 | ?2-7 | ?2-6
?????????
???????????????
????????????",1401,67759,0,0
dzagedesigns,30/1/2024,"New Years Sale Is Here ??
????�?????? �?????????????? ??�?????? ??????????????�
Designed In Hong Kong
Hong Kong | Macau | Singapore",820,53297,0,0
f0r.every0ne,30/1/2024,"100% MADE IN KOREA ????????
??????? 
??$799?????
@f0r.every0nee 
???????? 24?????",331,23073,0,0
fungus_hk,30/1/2024,"????? | ???? ???? ?????
??
??IG????
???? HSBC/?? BOC/PAYME/FPS?
??",342,6092,0,0
hissohk,30/1/2024,"??????????????
?????? ?2?1 ?3?2??
?????$99??
???OUTLET???????
??@storybehindhk
??DM for Collab
????Authentic Urban Lifestyle 
??Online Store???/??????",2505,147149,17,1319.588235
hissohk,30/1/2024,"??????????????
?????? ?2?1 ?3?2??
?????$99??
???OUTLET???????
??@storybehindhk
??DM for Collab
????Authentic Urban Lifestyle 
??Online Store???/??????",2505,147149,17,1322.176471
hissohk,30/1/2024,"??????????????
?????? ?2?1 ?3?2??
?????$99??
???OUTLET???????
??@storybehindhk
??DM for Collab
????Authentic Urban Lifestyle 
??Online Store???/??????",2505,147151,17,1321.764706
hiyori_store,30/1/2024,"?? ?????????????? ?????????? ??-?????? | ?????? ??-?????? 
.
� Any day is perfect for shopping.�
.
??|?
?? WEBSITE",393,14476,0,0
hugland.co,30/1/2024,"??? 1???.????.????
???????????
_ 
???$800??????????
_
??????% ???????????????? ???????? ?????????? ?????? ??????????",724,10970,8,34
iiinlab,30/1/2024,"????? ??2-4 ??????
?? ?? ??$300?? ????
7???? ????????
WhatsApp: 6766 1724
Fb: invisible innovation",3049,81601,0,0
in.a.stone,30/1/2024,"????????
???????? ?????????
?? @in.a.stone_men 
?? @in.a.stone_beauty",1963,36791,8,102.125
in.a.stone_men,30/1/2024,"????????
??????? ????????
?? @in.a.stone
@in.a.stone_beauty",350,12093,1,8
inscoo.studio,30/1/2024,"???????Unisex
2?????????
?????
/
??????????????????)
1. ?????611??14:00-21:00
2. ???D2 place one 213A?12:00-20:00
/
??????
???????HK$300???
???????HK$800???
/",295,28828,2,224
koreal.apparel,30/1/2024,"?? Quality Causal Wear
?? Shop 203, 2/F Laforet, Causeway Bay
??? 1:00-9:30PM Everyday
?? Accessories @koreal.hk 
?? Online Order | WhatsApp 95021844",77,1611,6,9.833333333
kumo.shiroii,30/1/2024,"??????????
Opening Hours??
3-8 pm (Mon OFF) 
??
? ??
????????????
?????????? @kumokumo.hk
??????? @kumo.diaryy
??????????$800??VIP??95?
??????????
??????????",707,18256,4,199.75
little.breezee,30/1/2024,"??IGSTORY??+TAG?????????.??.??
?
??????????????????? ????????????????????
???????????9000+ ??
????????????????
???????????$500????/?????
??????????? ???????? ??????????
???????.?.???",538,25588,0,0
lumos_mo,30/1/2024,"????9??????
?????$500???
??????Ebuy??/????
@febpear_mo 
Design select shop @lumos_mo 
Vintage store @sisland_market
????????23???????????",130,4734,0,0
maum.kr,30/1/2024,"????$20?????
.
????????
?/??????
???????????????
.
?????????",956,24220,0,0
mody.closet,30/1/2024,"?? ??????????? ?????????
Order HERE???? DM / Whatsapp 
-
?$800???????
????7-21???(????&?????)
NO EXCHANGE & REFUND
?????? ??????????",815,17044,0,0
moonlightgangsters,30/1/2024,"W?e? ?????????�??? d?o? ?b?a?s?i?c?!?
?? ?????????????????? ????????????????
?? ??? ????$800??????VIP
?? ?????STORY HIGHLIGHT
?? ????????1603?
 
#???? #???? #????????????????",350,14680,1,142
mormor_s,30/1/2024,"??
???????? 
?????3????82F ? 29 
????????
? 2?9:30
 
Ig????????
??????????\(^?^)/
????????????
 
???? ? 63167522",2420,56626,0,0
onece.co,30/1/2024,"Simple Easy Fashion
-
Offline???????83?K83??1F05-06
(???E??)
????????????
???1400-2100
-
Online : ???????/???????
?????onece.co",388,69506,0,0
onion.hk,30/1/2024,"????$350????????
?????$800????9?! 
??VIP?????9???? 
/
??????? ???�?�
/
??. DM / 65729581
????????:)
??24????????",1896,11658,1,-1
pear.petal,30/1/2024,"????? ???6pm??????
? ?????? $10 ?
? ??| ???? DM � WS
? ??????
? ????? � ??????",791,8493,0,0
sense_store,30/1/2024,"??????????????
????
??25/F Mong Kok Metro 594-596 Nathan Road, Mongkok 
??1/F 8 Pak Sha Road, Causeway Bay
???? 
???? ??????49???
.
?? ???????????? (Worldwide Shipping)",146,101549,19,-1
sibling_co,30/1/2024,"??????????|??????????
????????????mumm???????
-
??????????$20??????
???????????????????????
???????2%??
-
??Worldwide Shipping????",293,16929,0,0
sillyegg.vintage,30/1/2024,"?? ?????? ???????
??????? ?1400-2000) 
??????? ???pm
??Visa / Master / Payme/ FPS /?????
??Online Shopping/???
????????313?
?????D4??",533,21217,5,139.6
sneakaway_hk,30/1/2024,"Introduce Sneakers of All-Time
-
??: ???DM
??: sneakaway0115@gmail.com",13,247,1,-1
sneakaway_hk,30/1/2024,"Introduce Sneakers of All-Time
-
??: ???DM
??: sneakaway0115@gmail.com",13,247,1,-1
sunflower___club,30/1/2024,"?*?  ?????????????????? ?????????? ?????????? ???? ??????????  ?*? ??
?*? ?????? ?????????????????? ???? ?*?
?
?? ???????????????? ?????????? ???????? ????
???????800hkd ?????????95? 
?? ?????????
?? ???????",150,18731,0,0
tactual.hk,30/1/2024,"??WhatsApp?55088066 
????????????2?231? ???580
???????????18?1806? ???582
????? 15:00?22:00?????????
????????",13144,12670,1,15
timefault.hk,30/1/2024,"????????????29?1???
????????????41B????1?A6-A7
????????????????63?
???????????????
-
????1-1030PM
VINTAGE|GLOBAL SHIPPING??",1830,60028,18,212.7222222
timefault.hk,30/1/2024,"????????????29?1???
????????????41B????1?A6-A7
????????????????63?
???????????????
-
????1-1030PM
VINTAGE|GLOBAL SHIPPING??",1830,60028,0,0
timefault.hk,30/1/2024,"????????????29?1???
????????????41B????1?A6-A7
????????????????63?
???????????????
-
????1-1030PM
VINTAGE|GLOBAL SHIPPING??",1830,60030,18,213.3888889
two.collection,30/1/2024,"? ????? ??? ???? ?
?????????????
??$?????? ??????????????????????
??$?????? ??????????????
?
???????? ????????????????
?� ????????????????
� ????????????????
?
????????????
????????????",7470,84660,0,0
wardrobe.hk,30/1/2024,"??????????
????? ?????? ???????? ???????????????? ???
��� ?????????? ???????? ���
�
??worldwide shipping??
????????
� 
??????????
???24????????",533,18300,0,0
whoops.hk,30/1/2024,"???? 5% OFF??
??????????????? ????
?
??1-3? / ??7-20?
??? / ???
FPS / ATM / PAYME / TAP&GO / ??? / ??? / ???
?
???? 100% ????
?????????????",1187,31366,2,57
179cm.korea,31/1/2024,"Made in Korea
Quality Over Everything.
�
??3????|?????4????
??????????
DM ??| ??????",557,26488,0,0
2.pm_store,31/1/2024,"???????????
153cm - 167cm model????
?
?????$1000????????
????23:59??
?????????
????/ ????
?
?????????????????????????????
???????????????/??????
?
????????",401,11786,0,0
2097.co,31/1/2024,"??29/1-01/02??????
????All from Korea????
Men/Women/Unisex
-
?????
365 days new product new season
??$600/$700??2??? 
-
??working hours??
Mon-sun:3:30pm-9:00pm",116,30089,0,0
3amproduccion,31/1/2024,"Follow @3amstudio.hk ??
?????? | 153-168cm Model?????( ? )?
?????? | ????
??/?? | Whatsapp 98808237 (????)
Direct Message???",4411,65431,0,0
82closet,31/1/2024,"?? All from Korea 
?? Unisex & woman�s wear
?? ?????????highlight story",295,16697,0,0
__deerest,31/1/2024,"?
???????highlight?1??????
????????????????
????? ??????
.
???700????
? ?? : whatsapp 51929112
.
??????",1662,60642,3,54.66666667
_attictreasure,31/1/2024,"?? ???????? ??????? ""?????????? ?????? ??????"" ?????????
? ????????????????: ????/ W???????????? ???? 
????????? ???????????????? ???????? $600.? 
????????? ?????? ???? ????????????????? F?????L??L?????W?? ??U??S??",46,810,0,0
acme.co_,31/1/2024,"�
Style your life with the simplest items?
�
Order/Any enquirers
DM/WhatsApp
�
??Payment 
HSBC/BOC/PAYME",300,12052,0,0
airspacetaiwan,31/1/2024,"#ASXME wear us tag us
?? International Shipping     
?? Size From S-4XL
?? Inbox????????
??FB?????????AIR SPACE",4495,343630,12,501.1666667
ajournal.wear,31/1/2024,"? ?? Showroom / ?????story
? 100% ?????????????? ???????? ??????????
? ???????????????? ???????????????? (????)
? ????????
? ?????????????20?7B",754,32267,5,81
blackmodes_,31/1/2024,"????????2?95? 3?88?????
?????? ???????? ???? ??????????
??????????????? 
2023????(??0009?0010)
?
??????
???????2?236??
???????700?T.O.P 3/F 318?
??????????????16?10?",2544,64608,0,0
cerealoutfit,31/1/2024,"Street tasted, CEREAL approved.
@cerealoutfit_scrapbook 
-
LINE Service ?? @cerealoutfit",342,160303,4,207.75
checkorean,31/1/2024,"? ? ? ????? ? ? ? ? ? ? ?
????: ???????????1?102H???????
-
ALL FROM KOREA???? Story/??????? ??
??? ????????$699???????????
?? ????????
?? ??24??????????",345,14543,7,46.14285714
chichistorehk,31/1/2024,"??? ? ? ???
?? ?? $?? ??
?? ?? $?? ??
?? ?? $?? ?? ??
?????????? ????????
?????? ?? ?? % ? ? ? ? 
�������������
?????????
????????",1581,16671,0,0
clodayshk,31/1/2024,"@clodayshk @clodayss 
?????????? | ??????
??????HKD$800????VIP
���
????Whatsapp 5717 8232 / Dm
?????? ????$600??????
??Tap&Go / PayMe /??????",412,10518,0,0
concept_kimbo,31/1/2024,"???$299?????
???? & ????
????????
????ApplePay/ Payme/???/????
????????
??????????
.
??:IG DM/ Wts55116559
???7-14?????
????2941787",127,5930,0,0
cornerc.co,31/1/2024,"????.??.????????????
???????-??????, ??-?????? ??????-??????,??-??:?????????
?
??????????$500????????9????
?????WhatsApp ?+?????? ???? ?????? ?????? ???",1877,98344,6,386.6666667
delunaboutique,31/1/2024,"? Hello 2024 ? New Season
?? ?????????????
?????????? ?????????
-
WhatsApp +852 46079931
?????????7-21???
?? @deluna.luxury 
-
??????????????OK .?.?",485,24388,0,0
downshifting_hk,31/1/2024,"EST 2020
.
Based in Hong Kong
.
Wear with confidence",342,12942,3,-1
dress.code_hk,31/1/2024,"??????28/1
-??????% ???????? ???? ??????????-
-????????-
.
????????????
????3?? ?????7-14?
?? ???  |  ????? | ??s 
????/??????? � ????????????????",157,3805,0,0
dwilapparels,31/1/2024,"??1??????????
�??% ???? ?? ?????????
? ???ss ???? ?? ???? ?
????????????APM? 
?4-8 | ?2-7 | ?2-6
?????????
???????????????
????????????",1401,67781,0,0
dzagedesigns,31/1/2024,"New Years Sale Is Here ??
????�?????? �?????????????? ??�?????? ??????????????�
Designed In Hong Kong
Hong Kong | Macau | Singapore",820,53321,0,0
epoch.vintagehk,31/1/2024,"???????????
?? ???????????26?17??
?? Mon-Thur : 3-9pm Fri-Sun : 3-10pm
?No Return No Refund?",451,11003,0,0
f0r.every0ne,31/1/2024,"100% MADE IN KOREA ????????
??????? 
??$799?????
@f0r.every0nee 
???????? 24?????",331,23091,0,0
fumble_official,31/1/2024,"?? ? ? ??
????????:
??HONG KONG
???????38-40???????5?B?
-
??TAIPEI
????????12?3?
#BeACityBoy
#?????????????
-
???????????",667,52027,12,60.33333333
fumble_official,31/1/2024,"?? ? ? ??
????????:
??HONG KONG
???????38-40???????5?B?
-
??TAIPEI
????????12?3?
#BeACityBoy
#?????????????
-
???????????",667,52027,12,60.33333333
fungus_hk,31/1/2024,"????? | ???? ???? ?????
??
??IG????
???? HSBC/?? BOC/PAYME/FPS?
??",342,6091,0,0
hissohk,31/1/2024,"??????????????
?????? ?2?1 ?3?2??
?????$99??
???OUTLET???????
??@storybehindhk
??DM for Collab
????Authentic Urban Lifestyle 
??Online Store???/??????",2506,147157,15,1423.466667
hissohk,31/1/2024,"??????????????
?????? ?2?1 ?3?2??
?????$99??
???OUTLET???????
??@storybehindhk
??DM for Collab
????Authentic Urban Lifestyle 
??Online Store???/??????",2506,147158,15,1422.466667
hissohk,31/1/2024,"??????????????
?????? ?2?1 ?3?2??
?????$99??
???OUTLET???????
??@storybehindhk
??DM for Collab
????Authentic Urban Lifestyle 
??Online Store???/??????",2506,147157,15,1423.733333
hiyori_store,31/1/2024,"?? ?????????????? ?????????? ??-?????? | ?????? ??-?????? 
.
� Any day is perfect for shopping.�
.
??|?
?? WEBSITE",393,14475,0,0
hugland.co,31/1/2024,"??? 1???.????.????
???????????
_ 
???$800??????????
_
??????% ???????????????? ???????? ?????????? ?????? ??????????",725,10986,8,30
iiinlab,31/1/2024,"????? ??2-4 ??????
?? ?? ??$300?? ????
7???? ????????
WhatsApp: 6766 1724
Fb: invisible innovation",3049,81601,0,0
in.a.stone,31/1/2024,"????????
???????? ?????????
?? @in.a.stone_men 
?? @in.a.stone_beauty",1964,36802,9,104.3333333
in.a.stone_men,31/1/2024,"????????
??????? ????????
?? @in.a.stone
@in.a.stone_beauty",349,12098,1,9
inscoo.studio,31/1/2024,"???????Unisex
2?????????
?????
/
??????????????????)
1. ?????611??14:00-21:00
2. ???D2 place one 213A?12:00-20:00
/
??????
???????HK$300???
???????HK$800???
/",295,28862,1,151
keepglowing_clothes,31/1/2024,"?????????????????
???????
??7-21????
??????????
???????????? ???????
?????? ??? PayMe ?????AlipayHK 
???????
????DM?????",219,3797,10,62.5
koreal.apparel,31/1/2024,"?? Quality Causal Wear
?? Shop 203, 2/F Laforet, Causeway Bay
??? 1:00-9:30PM Everyday
?? Accessories @koreal.hk 
?? Online Order | WhatsApp 95021844",79,1616,3,7.333333333
kumo.shiroii,31/1/2024,"??????????
Opening Hours??
3-8 pm (Mon OFF) 
??
? ??
????????????
?????????? @kumokumo.hk
??????? @kumo.diaryy
??????????$800??VIP??95?
??????????
??????????",707,18282,4,207.5
lady.chesna,31/1/2024,"??2??:@girl.chesna?
?????:@little.chesna?
?
???????$30?
????????$10?
?????????????
?????3?????
?
?????-fps/payme/alipayhk/?????
??????/????
?????7-14???",15202,3805,88,0.375
lilybshopp,31/1/2024,"? ??????? ???? ???? ????
?? ?????? ????@lilybshop_snap
? ????7-14? 2?????
? ??????
? ??2?-$???? ?3??????-$20
? ???????????????????????
?? ???cutting? ???????????",43576,5462,65,0.292307692
little.breezee,31/1/2024,"??IGSTORY??+TAG?????????.??.??
?
??????????????????? ????????????????????
???????????9000+ ??
????????????????
???????????$500????/?????
??????????? ???????? ??????????
???????.?.???",539,25604,0,0
little.breezee,31/1/2024,"??IGSTORY??+TAG?????????.??.??
?
??????????????????? ????????????????????
???????????9000+ ??
????????????????
???????????$500????/?????
??????????? ???????? ??????????
???????.?.???",539,25604,0,0
lumos_mo,31/1/2024,"????9??????
?????$500???
??????Ebuy??/????
@febpear_mo 
Design select shop @lumos_mo 
Vintage store @sisland_market
????????23???????????",130,4734,0,0
maum.kr,31/1/2024,"????$20?????
.
????????
?/??????
???????????????
.
?????????",956,24221,0,0
mody.closet,31/1/2024,"?? ??????????? ?????????
Order HERE???? DM / Whatsapp 
-
?$800???????
????7-21???(????&?????)
NO EXCHANGE & REFUND
?????? ??????????",815,17054,0,0
moonlightgangsters,31/1/2024,"W?e? ?????????�??? d?o? ?b?a?s?i?c?!?
?? ?????????????????? ????????????????
?? ??? ????$800??????VIP
?? ?????STORY HIGHLIGHT
?? ????????1603?
 
#???? #???? #????????????????",350,14670,1,270
mormor_s,31/1/2024,"??
???????? 
?????3????82F ? 29 
????????
? 2?9:30
 
Ig????????
??????????\(^?^)/
????????????
 
???? ? 63167522",2420,56625,0,0
mythsvintage,31/1/2024,"#??????
?????????
 
-?????????????? 
-????�?? 
-??????
-???????????? 
-???????????????? ?????????? 
����������
#hkvintageshop
???????? ??
MON-FRI 1500-2100 SAT-SUN 1400-2130",205,3875,2,-1
oaknus,31/1/2024,"??All pretty goods collect from Korea
�
???????
???? � ???7-18???
??????????
? ????????",137,7174,0,0
onece.co,31/1/2024,"Simple Easy Fashion
-
Offline???????83?K83??1F05-06
(???E??)
????????????
???1400-2100
-
Online : ???????/???????
?????onece.co",388,69510,0,0
onion.hk,31/1/2024,"????$350????????
?????$800????9?! 
??VIP?????9???? 
/
??????? ???�?�
/
??. DM / 65729581
????????:)
??24????????",1896,11657,0,0
onsaturday___,31/1/2024,"?????????????
.
Service time/ Mon-Fri 13:00-20:00
Product from Korea & Japan!
?
/
*Overseas Delivery*",546,68435,0,0
pear.petal,31/1/2024,"????? ???6pm??????
? ?????? $10 ?
? ??| ???? DM � WS
? ??????
? ????? � ??????",792,8507,7,81.57142857
ppicnich,31/1/2024,"/p?kn?k/??????????????????? �?
?????
1.26 ? 4-7pm
1.27 ? 3-6pm
 
? ????????????????
? ????
? ?? ?????????????????????
 
?????",966,18692,0,0
queenshoplife,31/1/2024,"#queenshoplife
#qsootd 
???????????????
???????????
??????
?????????
@lady__collection
@outdoor__collection
@queenshop_lifestore_ 
?
??Delivery
?",4985,267460,6,312
sense_store,31/1/2024,"??????????????
????
??25/F Mong Kok Metro 594-596 Nathan Road, Mongkok 
??1/F 8 Pak Sha Road, Causeway Bay
???? 
???? ??????49???
.
?? ???????????? (Worldwide Shipping)",146,101627,16,-1
sibling_co,31/1/2024,"??????????|??????????
????????????mumm???????
-
??????????$20??????
???????????????????????
???????2%??
-
??Worldwide Shipping????",293,16994,0,0
sillyegg.vintage,31/1/2024,"?? ?????? ???????
??????? ?1400-2000) 
??????? ???pm
??Visa / Master / Payme/ FPS /?????
??Online Shopping/???
????????313?
?????D4??",534,21263,4,168.25
soulo.hk,31/1/2024,"?? ???????? ???????? ?? ???? ??????????????????.
????????????
??????? 160cm 54kg ??????? 168cm 56kg
?
?$500 ?????????9???
?????????
???? Since 2023
?? ??Payme?FPS � Alipay
?? ??DM??",284,5186,0,0
sugu.hk,31/1/2024,"???? ??????? ???? ????? ???? ??????
??????????????????????????? 
???????????????????? ???????????????? ????????
?? ??????? ??? / ?????? ?? ?????",447,23195,0,0
sunflower___club,31/1/2024,"?*?  ?????????????????? ?????????? ?????????? ???? ??????????  ?*? ??
?*? ?????? ?????????????????? ???? ?*?
?
?? ???????????????? ?????????? ???????? ????
???????800hkd ?????????95? 
?? ?????????
?? ???????",150,18742,0,0
tactual.hk,31/1/2024,"??WhatsApp?55088066 
????????????2?231? ???580
???????????18?1806? ???582
????? 15:00?22:00?????????
????????",13144,12674,1,15
timefault.hk,31/1/2024,"????????????29?1???
????????????41B????1?A6-A7
????????????????63?
???????????????
-
????1-1030PM
VINTAGE|GLOBAL SHIPPING??",1832,60049,0,0
two.collection,31/1/2024,"? ????? ??? ???? ?
?????????????
??$?????? ??????????????????????
??$?????? ??????????????
?
???????? ????????????????
?� ????????????????
� ????????????????
?
????????????
????????????",7472,84676,0,0
wardrobe.hk,31/1/2024,"??????????
????? ?????? ???????? ???????????????? ???
��� ?????????? ???????? ���
�
??worldwide shipping??
????????
� 
??????????
???24????????",533,18319,0,0
whoops.hk,31/1/2024,"???? 5% OFF??
??????????????? ????
?
??1-3? / ??7-20?
??? / ???
FPS / ATM / PAYME / TAP&GO / ??? / ??? / ???
?
???? 100% ????
?????????????",1187,31367,2,62.5
hisso,2024-02-07,,1,6,0,0
little.breezee,2024-02-07,"✿於IGSTORY回圖+TAG我們即可獲得購物金.ᐟ‪.ᐟ✿
一
♡𝐖𝐨𝐫𝐥𝐝𝐰𝐢𝐝𝐞 𝐝𝐞𝐥𝐢𝐯𝐞𝐫𝐲🌎🤍
♡開業至今訂單量已累積9000+ 🔥
♡韓國入貨👩🏼‍💻🇰🇷
♡每日高效率訂貨🥨滿$500包順豐站/智能櫃🕰
♡𝐒𝐢𝐧𝐜𝐞 𝐉𝐮𝐧𝐞 𝟐𝟎𝟐𝟎🍞
♡網站自助下單.ᐟ.ᐟ🛒",542,25702,0,0
2.pm_store,2024-02-07,"韓國東大門服飾🇰🇷
153cm - 167cm model上身圖♡
✧
單次購物滿$1000成為永久會員💘
逢星期四23:59截單
接受所有付款方式➿
門市自取/ 順豐到付
✧
𓈒𓏸︎︎︎︎元朗教育路嘉城廣場𝟐樓𝟐𝟎𝟎𝟑舖
𓈒𓏸︎︎︎︎門市設有試身室/逢星期四休息
✧
網站看更多産品↓",398,11807,0,0
in.a.stone_men,2024-02-07,"韓國選物🇰🇷
門市不定期開放 請留意開放時間表
女裝 @in.a.stone
@in.a.stone_beauty",349,12083,0,0
in.a.stone,2024-02-07,"韓國選物🇰🇷
✨門市不定期開放 請留意開放時間表✨
男裝 @in.a.stone_men 
保養 @in.a.stone_beauty",1964,36745,1,675.0
fungus_hk,2024-02-07,"ʟᴏᴄᴀʟ | ʜᴏɴɢ ᴋᴏɴɢ 🇭🇰​
▾​
直接IG訂購：​
💳匯豐 HSBC/中銀 BOC/PAYME/FPS​
▾​",342,6090,0,0
kumo.shiroii,2024-02-07,"🩰🪐🫧🍓🤍
Opening Hours🕑
3-8 pm (Mon OFF) 
⠀⠀
♡ ⠀⠀
本店持有效商業登記證🔖
☁️｜韓國美妝護膚品 @kumokumo.hk
🧢｜品牌代購 @kumo.diaryy
🧚🏻‍♀️｜買滿$800成為VIP永久95折
🚚｜三件服裝包順豐
🛒｜網站自助下單↓",709,18467,1,52.0
pear.petal,2024-02-07,"🌷新品→ 逢週五6pm網站上架🌷
❏ 註冊會員即送 $10 ♥
❏ 查詢| 商業合作 DM • WS
❏ 持商業登記證
❏ 港澳台配送 • 網站自助下單",797,8576,0,0
f0r.every0ne,2024-02-07,"100% MADE IN KOREA ｜不定期韓國連線
葵興工作室自取 
買滿$799即享免運費
@f0r.every0nee 
電郵查詢會更快回覆
網站查看更多貨品 24小時下單↓",331,23164,0,0
clodayshk,2024-02-07,"@clodayshk @clodayss 
ฅ♡持有效商業登記證 | 網站自助下單
・單次購物滿HKD$800即可成為VIP
———
查詢🪧Whatsapp 5717 8232 / Dm
順豐到付📦 港澳買滿$600免自取點運費
接受Tap&Go / PayMe /八達通消費券",412,10553,0,0
delunaboutique,2024-02-07,"♡ Hello 2024 ♡ New Season🌷
🏮 全店優惠：1件95折 2件9折 4件88折
「幫你襯衫」超值福袋 限量發售中🧧
-
WhatsApp +852 46079931
現貨即日出貨｜預訂7-21工作天
👜 @deluna.luxury 
-
👇🏻網站自助下單｜消費券OK .ᐟ.ᐟ",467,24527,0,0
dzagedesigns,2024-02-07,"New year sale is here!
Simply great clothing
Stop by to shop ⬇️",821,53466,0,0
hugland.co,2024-02-07,"新一年 1件包郵.ᐟ‪‪‬.ᐟ‪‪‬
觀塘工作室✿設有試身室
_ 
購物滿$800即時免運費及成為會員
_
𝟙𝟘𝟘% 𝕕𝕖𝕝𝕚𝕧𝕖𝕣𝕪 𝕗𝕣𝕠𝕞 𝕁𝕒𝕡𝕒𝕟 𝕒𝕟𝕕 𝕂𝕠𝕣𝕖𝕒",731,11048,6,25.166666666666668
wardrobe.hk,2024-02-07,"🩶門市每天開放🩶
「𝙒𝙚 𝙖𝙧𝙚 𝙮𝙤𝙪𝙧 𝙬𝙖𝙧𝙙𝙧𝙤𝙗𝙚 」🧺
··· 𝗦𝗶𝗻𝗰𝗲 𝟮𝟬𝟮𝟬 ···
•
✈︎worldwide shipping✈︎
貨品均由韓國直送
• 
下單前請細閱購物須知
⤹網站24小時自助下單🛒",532,18430,0,0
inscoo.studio,2024-02-07,"🇭🇰香港｜Unisex
2間門市都設有試衣間
全現貨發售
/
🕰️營業時間：（唔建議咁準時到😂)
1. 旺角百寶利611室：14:00-21:00
2. 荔枝角D2 place one 213A：12:00-20:00
/
網站自助落單
🇭🇰香港免運費
🇹🇼台灣滿HK$800免運費
/",295,29016,0,0
timefault.hk,2024-02-07,"📌旺角門市｜旺角豉油街29號1樓🆕
📌旺角門市｜旺角花園街41B百祥大廈1樓A6-A7
📌尖沙咀地舖｜尖沙咀加連威老道63號
㩒一下密碼鎖上面白色鐘仔開門～
-
開放時間1-1030PM
VINTAGE|GLOBAL SHIPPING🌍",1849,60484,0,0
blackmodes_,2024-02-07,"🇰🇷全店優惠網站與門市同步進行中💖🌟
𝑨𝒍𝒍 𝑴𝒂𝒅𝒆 𝒊𝒏 𝑲𝒐𝒓𝒆𝒂
◎所有貨品經韓國東大門直送到港 
2024正版正貨(編號0009、0010)
⁡
𖠿門市位置
𓐍葵芳新都會2樓236號舖
𓐍旺角彌敦道700號T.O.P 3/F 318舖
𓐍旺角西洋菜南街好望角大廈16樓10室",2547,64648,0,0
sense_store,2024-02-07,"𝘼𝙙𝙙𝙧𝙚𝙨𝙨
🇭🇰
📍25/F Mong Kok Metro 594-596 Nathan Road, Mongkok 
📍1/F 8 Pak Sha Road, Causeway Bay
🇲🇴 
📍澳門 荷蘭園大馬路49號地舖
.
🌐 𝙊𝙣𝙡𝙞𝙣𝙚 (Worldwide Shipping)",154,102189,0,0
__deerest,2024-02-07,"♡
👉🏻請參考highlight【2月開放時間】
留意時間勿摸門釘啊🙇🏻‍♀️
（只限試身 貨品需預購）
.
▫️滿700順豐免運
✆ 查詢 : whatsapp 51929112
.
🛒網站下單",1664,60701,1,67.0
chichistorehk,2024-02-07,"🌺新 春 優 惠🌺
𝟯 件減 $𝟑 𝟖
𝟱 件減 $𝟖 𝟖
𝟲 件減 $𝟏 𝟑 𝟖
𝒮𝒾𝓃𝒸𝓮 𝟮𝟬𝟭𝟳
🇯🇵𝟏 𝟎 𝟎 % 日 本 直 送 
—————————————
荔枝角門市預約制♥
⬇️網站落單⬇️",1590,16719,0,0
onion.hk,2024-02-07,"✿ 2月份優惠全單滿$300免運費✿
單次購物滿$800即時享有9折! 
成為VIP後永久享有9折優惠♡ 
/
查詢. DM / 65729581
貨物出門恕不退換:)
網站24小時全自助下單：",1900,11655,4,16.75
dwilapparels,2024-02-07,"🧧1月韓國連線新春團✈️
¹⁰⁰% ᵐᵃᵈᵉ ⁱⁿ ᵏᵒʳᵉᵃ🇰🇷
♡ ᴅʀᴇss ᴡᴇʟʟ ɪɴ ʟᴏᴠᴇ ♡
🛍️觀塘工作室設試身室APM側 
五4-8 | 六2-7 | 日2-6
📦全單滿三件包郵
網站自助下單及查看所有款式🛒
訂單查詢網站統一優先回覆",1401,67808,0,0
koreal.apparel,2024-02-07,"🐻 Quality Causal Wear
📍 Shop 203, 2/F Laforet, Causeway Bay
🕰️ 1:00-9:30PM Everyday
🍓 Accessories @koreal.hk 
📩 Online Order | WhatsApp 95021844",79,1629,0,0
ajournal.wear,2024-02-07,"❛ 葵興 Showroom / 開放時間在story
❛ 100% 𝖲𝗁𝗂𝗉𝗉𝖾𝖽 𝖿𝗋𝗈𝗆 𝖪𝖮𝖱𝖤𝖠
❛ 𝖶𝗁𝖺𝗍𝗌𝖺𝗉𝗉 𝟨𝟧𝟩𝟨𝟨𝟩𝟪𝟪 (不設語音)
❛ 所有貨品不設退換
❛ 葵興工業街華發工業大廈前座20樓7B",754,32295,0,0
lumos_mo,2024-02-07,"網站購買9折進行中🐰
香港地區滿$500免運費
澳門地區歡迎Ebuy寄貨/門店自取
@febpear_mo 
Design select shop @lumos_mo 
Vintage store @sisland_market
📍澳門瘋堂新街23號地下（小島古着二樓）",130,4734,0,0
acme.co_,2024-02-07,"—
Style your life with the simplest items❕
—
Order/Any enquirers
DM/WhatsApp
—
🌾Payment 
HSBC/BOC/PAYME",300,12041,0,0
sibling_co,2024-02-07,"▫️🇰🇷韓國服飾|最美新年團已上架🧧
▫️台灣時尚運動內衣品牌mumm【香港區代理】
-
▫️免費註冊➡️領取$20新會員購物金
▫️購物滿𝐇𝐊𝐃𝟖𝟎𝟎免費配送📮
▫️每次下單享2%回贈
-
🌎Worldwide Shipping全球運送",294,17361,0,0
cornerc.co,2024-02-07,"旺角𝙏.𝙊.𝙋商場𝟯𝟬𝟯號舖
​𝙈𝙤𝙣-𝙁𝙧𝙞, 𝟭-𝟵𝙥𝙢 𝙎𝙖𝙩-𝙎𝙪𝙣,𝟭-𝟵:𝟯𝟬𝙥𝙢​
​
​🌷網站下單‪‪滿$500免運費；預訂貨品9折優惠！
☎️查詢請WhatsApp ​+𝟴𝟱𝟮 𝟱𝟭 𝟬𝟭𝟰 𝟬𝟭𝟰 📟ᐝ",1880,98369,2,187.0
hiyori_store,2024-02-07,"🚪 𝗢𝗣𝗘𝗡𝗜𝗡𝗚 𝗛𝗢𝗨𝗥𝗦 𝟯-𝟴𝗣𝗠 | 𝗦𝗔𝗧 𝟯-𝟵𝗣𝗠 
.
“ Any day is perfect for shopping.”
.
下單|⇣
🛒 WEBSITE",397,14478,0,0
mormor_s,2024-02-07,"𓀡
實體店每天營業⚐ 
↟葵涌廣場3樓時尚坊82F ＆ 29 
（頂層｜爭鮮旁）
◔ 2－9:30
 
Ig款式只有更新少量
門市每週都有新款上架\(^ヮ^)/
↟大家來門市摸摸拼拼吧ෆ
 
訂單查詢 ☏ 63167522",2420,56591,0,0
82closet,2024-02-07,"☁️ All from Korea 
☁️ Unisex & woman’s wear
☁️ 門市營業時間請查看highlight story",301,16812,0,0
sunflower___club,2024-02-07,"✧*｡  𝘀𝘂𝗻𝗳𝗹𝗼𝘄𝗲𝗿 𝘀𝘁𝗶𝗹𝗹 𝗴𝗿𝗼𝘄𝘀 𝗮𝘁 𝗻𝗶𝗴𝗵𝘁  ✧*｡ 🌻
✧*｡ 門市營業時間 𝗵𝗶𝗴𝗵𝗹𝗶𝗴𝗵𝘁 每週更新 ✧*｡
｀
🌐 𝘀𝗲𝗹𝗲𝗰𝘁𝗲𝗱 𝗴𝗼𝗼𝗱𝘀 𝗳𝗿𝗼𝗺 𝗸𝗿
〰️單次購物滿800hkd 成為會員下次起享有95折 
〰️ 四件上下裝衣物包郵
〰️ 港澳台配送🛹",151,18810,0,0
mody.closet,2024-02-07,"🧺 店主親自向韓國廠商入貨 質量保證👵🏻✨
Order HERE👇🏻 DM / Whatsapp 
-
滿$800包郵送到家📮
訂購過程7-21工作天(逢星期三&日為截單日)
NO EXCHANGE & REFUND
圖片或有色差 完美主義者請慎重考慮",815,17096,0,0
whoops.hk,2024-02-07,"新品上架 5% OFF⚡️
所有訂單（包括韓網代購）免運費 🚚🆓
⋯
現貨1-3日 / 預訂7-20日
港澳台 / 英澳美
FPS / ATM / PAYME / TAP&GO / 八達通 / 支付寶 / 信用卡
⋯
🇰🇷 100% 韓國直送
🔻客服查詢｜網站下單🔻",1188,31433,0,0
moonlightgangsters,2024-02-07,"W͟e͟ 𝑫͟𝑶͟𝑵͟’𝑻͟ d͟o͟ ͟b͟a͟s͟i͟c͟!͟
📦 𝖂𝖔𝖗𝖑𝖉𝖜𝖎𝖉𝖊 𝖘𝖍𝖎𝖕𝖕𝖎𝖓𝖌
🛸 港澳台 網站買滿$800免運費及成為VIP
🕰 營業時間在STORY HIGHLIGHT
💒 旺角同珍商業中心1603室
 
#泰國代購 #韓國代購 #越南代購🇹🇭🇻🇳🇰🇷",351,14739,1,148.0
maum.kr,2024-02-07,"新會員送$20購物金💰
.
居韓店主🇰🇷
港/澳三件免運費
所有韓網均有代購～歡迎查詢◡̈
.
網站有更多款式⤵︎",963,24274,6,56.333333333333336
sillyegg.vintage,2024-02-07,"📦 觀塘古著門市 請留意開店時間
🕰星期一至日 （1400-2000) 
🔈網站更新中 下單請pm
😺Visa / Master / Payme/ FPS /消費卷👌
😺Online Shopping/實體店
觀塘新城工商中心313室
觀塘地鐵站D4出口",536,21484,2,369.0
two.collection,2024-02-07,"♡ ⒽⒶⓅⓅⓎ ⓃⒺⓌ ⓎⒺⒶⓇ ♡
𝟐大情侶裝雙面羽絨再補貨
🥇$𝟒𝟗𝟗 𝐖𝐇𝐎𝐀𝐔熱賣過𝟐𝟎𝟎𝟎件
🥈$𝟒𝟒𝟗 𝐒𝐏𝐀𝐎簡約無印風款
ⵢ
𝗢𝗣𝗘𝗡 𝗘𝗩𝗘𝗥𝗬𝗗𝗔𝗬
​¹ 旺角商業大廈𝟭𝟬樓𝟬𝟰室
² 葵涌廣場𝟯樓時尚坊𝟲𝟱號鋪
​
查詢丨貨品詳情請𝐃𝐌
網站𝟐𝟒小時自助下單",7490,84721,0,0
tactual.hk,2024-02-07,"✉️WhatsApp：55088066 
📍（門市）旺角潮流特區2樓231鋪 彌敦道580
📍（工作室）信和中心18樓1806室 彌敦道582
⏰營業時間 15:00至22:00（信和不定時開放）
⬇️網店連結⬇️",13146,12684,2,6.5
iiinlab,2024-02-07,"全部現貨 新年前會收到❗️
付款後1-2個工作天到貨❗️
建議選用順豐站❗️
香港 澳門 買滿$300以上 順豐包郵
收貨後7日內提供換碼換款服務
WhatsApp: 6766 1724",3057,81732,0,0
onece.co,2024-02-07,"Simple Easy Fashion
-
Offline：葵涌大連排道83號K83大廈1F05-06
(葵興站E出口)
提供配搭造型服務及試身室
一至日1400-2100
-
Online : 港澳地區免運費/全現貨即日發貨
蝦皮台灣：onece.co",390,69529,0,0
179cm.korea,2024-02-07,"Made in Korea
Quality Over Everything.
·
香港3件免運費|澳門及台灣4件免運費
🛒持有效商業登記證
DM 查詢| 網頁自助下單",559,26726,0,0
downshifting_hk,2024-02-07,"EST 2020
.
Based in Hong Kong
.
Wear with confidence",345,13043,0,0
concept_kimbo,2024-02-07,"🔥滿$299免運費🔥
歡迎查詢 & 網站下單
可修改褲長可換碼
📣接受ApplePay/ Payme/八達通/信用卡等
🇰🇷韓國直送
店主親身試穿每件衫褲
.
查詢:IG DM/ Wts55116559
付款後7-14工作天到貨
商業編號2941787",129,5987,0,0
dress.code_hk,2024-02-07,"下個截單日：28/1
-𝟏𝟎𝟎% 𝐦𝐚𝐝𝐞 𝐢𝐧 𝐤𝐨𝐫𝐞𝐚-
-持有效商業登記證-
.
🚚全店三件享有順豐包郵
📦現貨3日內 預訂截單後7-14日
💵 ᴀᴛᴍ  |  ᴘᴀʏᴍᴇ | ғᴘs 
📩查詢/下單請𝐃𝐌 • 𝐖𝐡𝐚𝐭𝐬𝐀𝐩𝐩",160,3812,0,0
soulo.hk,2024-02-07,"𝙄 𝙡𝙤𝙫𝙚 𝙩𝙝𝙖𝙩 𝙄 𝙖𝙢 𝙞𝙢𝙥𝙚𝙧𝙛𝙚𝙘𝙩.
🇰🇷東大門直送男女裝
🙎🏻‍♀️ 160cm 54kg 🙎🏻‍♀️ 168cm 56kg
．
滿$500 免運費✨新品區長期9折💓
截單時間：逢星期一
👭🏻 Since 2023
💰 接受Payme．FPS · Alipay
🔍 歡迎DM查詢",296,5201,0,0
oaknus,2024-02-07,"🕯All pretty goods collect from Korea
—
接受消費券🪩
少量現貨 • 預訂需7-18工作天
截單日為每星期六📢
※ 持有效商業登記證",137,7162,0,0
sugu.hk,2024-02-07,"🇰🇷 ᴘʀᴏᴅᴜᴄᴛ ғʀᴏᴍ ᴋᴏʀᴇᴀ 🇰🇷 用心經營❤️
🇭🇰❤️請大家多多支持香港本土服裝小店🥰🇭🇰 
🌍𝐖𝐨𝐫𝐥𝐝𝐰𝐢𝐝𝐞 𝐒𝐡𝐢𝐩𝐩𝐢𝐧𝐠 🛒全球運送📦
↓↓ ↓網站自助下單 ↓↓↓ / 🔍任何查詢 ➡️ 請𝘿𝙈",447,23603,0,0
ppicnich,2024-02-07,"/pɪknɪk/⁣⁣⁣⁣⁣⁣⁣⁣⁣⁣⁣⁣⁣⁣⁣⁣⁣⁣⁣ ¨̮
営業時間⤵
2.3 ㊅ 3-6pm
2.4 ㊆ 3-6pm
 
⌒ 全館𝟹件本地免運┊澳台滿件免運
⌒ 全球配送
⌒ 查詢 𝙳𝙼／𝚆𝚑𝚊𝚝𝚜𝙰𝚙𝚙
 
官網下單⤵",970,18710,3,79.66666666666667
lilybshopp,2024-02-07,"✨ 抵價入手日本衫 原廠貨源 數量極少 🙌🏻
📷 到貨實物拍攝 👉🏻@lilybshop_snap
✨ 訂貨需約7-14日 2件包郵順豐
✨ 貨品不設退換
✨ 服飾2件-$𝟹𝟶 第3件及之後每件-$20
✨ 注意大部分貨品會拆除吊牌及𝙻𝚊𝚋𝚕𝚎
🥳 日本衫cutting靚 質地舒服絕對會愛上💕",43612,5461,35,0.17142857142857143
lady.chesna,2024-02-07,"🌼2號店:@girl.chesna​
🌼童裝店:@little.chesna​
​
①首兩件優惠減$30​
②第三件起每件減$10​
☞所有未寄出貨品均享此優惠
☞所有優惠3間店均通用
​
▷付款方式-fps/payme/alipayhk/銀行轉帳​
▷或有微瑕疵/剪標籤​
▷下單後約7-14天到貨",15238,3795,30,0.7
mythsvintage,2024-02-07,"#持有商業登記
🇭🇰本土古著店
 
-𝙑𝙄𝙉𝙏𝘼𝙂𝙀 
-𝟵𝟬’𝙎 
-𝙔𝟮𝙆
-𝙃𝙄𝙋𝙃𝙊𝙋 
-𝘼𝙈𝙀𝙍𝙄𝘾𝘼𝙉 𝙎𝙏𝙔𝙇𝙀 
——————————
#hkvintageshop
🗞門市營業時間 🗞
MON-FRI 1500-2100 SAT-SUN 1400-2130",209,3909,3,5.666666666666667
_attictreasure,2024-02-07,"🛸 ʰᵒⁿᵍᵏᵒⁿᵍ ᵛⁱⁿᵗᵅᵍᵉ ""𝘥𝘳𝘦𝘴𝘴 𝘧𝘰𝘳 𝘧𝘶𝘯"" 𓆡˂ᵒ͜͡ᵏᵎ⁾
✩ 𝗢𝗿𝗱𝗲𝗿𝗶𝗻𝗴: 𝖣𝗆/ W𝖾𝖻𝗌𝗂𝗍𝖾 𖤣𖥧 
✩𝖥𝗋𝖾𝖾 𝗌𝗁𝗂𝗉𝗉𝗂𝗇𝗀 𝗈𝗏𝖾𝗋 $600.ᐟ 
▽𝗦𝗵𝗼𝗽 𝗻𝗼𝘄 𝗼𝗻 𝘄𝗲𝗯𝘀𝗶𝘁𝗲🪩▽ F͟͞♡͟͞L͟͞L͟͞♡͟͞W͟͞ ͟͞U͟͞S͟͞",46,809,0,0
keepglowing_clothes,2024-02-07,"🩵最優惠嘅價錢買最優質嘅質品🩵
🛒性價比極高
🪄7-21日內到貨
🪄貨品出門不設退換
🪄相片可能會有輕微色差 完美主義者慎入
💰：匯豐／ 中銀／ PayMe ／轉數快／AlipayHK 
📦：順豐到付
✉️歡迎DM查詢及落單",231,3895,10,75.7
epoch.vintagehk,2024-02-07,"📍香港古著店🇭🇰
🏠 旺角門市｜好景商業中心26樓17號舖
🕰 Mon-Thur : 3-9pm Fri-Sun : 3-10pm
✨No Return No Refund✨",455,11043,3,51.0
2097.co,2024-02-07,"🇰🇷All from Korea🇰🇷
Men/Women/Unisex
-
分店籌備中
365 days new product new season
🔗$600/$700自選2件長䄂 
-
🕞working hours🕘
Mon-sun:3:30pm-9:00pm",120,30215,6,234.0
cerealoutfit,2024-02-07,"Street tasted, CEREAL approved.
@cerealoutfit_scrapbook 
-
LINE Service 🔎 @cerealoutfit",344,161672,2,202.0
onsaturday___,2024-02-07,"❤︎‬官網現貨販售中!❤︎‬
最後出貨日為02.07
.
Service time/ Mon-Fri 13:00-20:00
Product from Korea & Japan!
⠀
/
*Overseas Delivery*",547,68502,1,231.0
airspacetaiwan,2024-02-07,"#ASXME wear us tag us
✈️ International Shipping     
💖 Size From S-4XL
✉️ Inbox小盒子不開放回覆
請至FB粉絲團私訊客服🔎AIR SPACE",4509,343901,13,690.0
queenshoplife,2024-02-07,"#queenshoplife
#qsootd 
依台灣的季節氣候和身形考量設計
將穿著文化融入在生活中
用喜歡的衣服
穿搭自己好看的樣子
@lady__collection
@outdoor__collection
@queenshop_lifestore_ 
⠀
🌍Delivery
⇩",4986,268940,2,177.0
lipservice_official,2024-02-07,"staff snap @lipservice_staff
＼公式通販サイトで最新カタログ公開中！／",6417,76625,9,131.11111111111111
tittyandco_com,2024-02-07,"𝘚𝘦𝘭𝘦𝘤𝘵 𝘭𝘪𝘯𝘦
⁡@tittyandco_petit_official ⁡
⁡💐公式オンラインストア",4457,186769,0,0
chico__official___,2024-02-07,"Chico official Instagram
.
新作予約は毎週金曜日18:00〜
次回は1/26(金) 18:00より春アウターを中心とした新作アイテムの予約をスタート！
.
Chico ONLINE STORE ⬇︎",4911,417086,5,860.6
wclosetwearsinc,2024-02-07,"《2024SSついに公開！》
▽春の新作がオンラインショップに登場🌷",3851,269099,6,389.0
andmary_official,2024-02-07,"The process of a little girl turning into lady.
LINE ID : andmary
web store",1373,63956,0,0
doublename_official,2024-02-07,#DOUBLENAME official instagram🦖,3308,22123,1,59.0
spiralgirl_official,2024-02-07,"新作アイテムの発売日はストーリで告知してます♡
▼公式WEB STOREはこちら▼",4541,70298,7,45.142857142857146
darich_official,2024-02-07,"\\お洋服で""トキメキ""と""感動""を//
『毎週(水)(日)21:00〜新作発売』
▪️店舗▪️
新宿/名古屋/梅田/福岡に店舗があります♪
※店舗では毎週(月)(木)が新作発売
.
@darich_staffsnap
身長、アイテム別コーデを紹介♪
.
🛒WEB STOREはこちら↓",3694,210266,13,1440.2307692307693
eimyistoire_snap,2024-02-07,"@eimyistoire_official Snap Account
Please tag on #eimy_snap
⬇︎ Official Online Store ⬇︎",383,34544,0,0
hisso,2024-02-10,,1,6,0,0
fumble_official,2024-02-10,"．東 洋 西 滙．
コンセプトストア:
📍HONG KONG
旺角西洋菜南街38-40號萬高商業大廈5樓B室
-
📍TAIPEI
台北大同區赤峰街12巷3號
#BeACityBoy
#質の高い都市生活を探索する
-
🌐公式ウェブサイト：",672,52155,10,60.0
little.breezee,2024-02-10,"✿於IGSTORY回圖+TAG我們即可獲得購物金.ᐟ‪.ᐟ✿
一
♡𝐖𝐨𝐫𝐥𝐝𝐰𝐢𝐝𝐞 𝐝𝐞𝐥𝐢𝐯𝐞𝐫𝐲🌎🤍
♡開業至今訂單量已累積9000+ 🔥
♡韓國入貨👩🏼‍💻🇰🇷
♡每日高效率訂貨🥨滿$500包順豐站/智能櫃🕰
♡𝐒𝐢𝐧𝐜𝐞 𝐉𝐮𝐧𝐞 𝟐𝟎𝟐𝟎🍞
♡網站自助下單.ᐟ.ᐟ🛒",542,25748,0,0
2.pm_store,2024-02-10,"韓國東大門服飾🇰🇷
153cm - 167cm model上身圖♡
✧
單次購物滿$1000成為永久會員💘
逢星期四23:59截單
接受所有付款方式➿
門市自取/ 順豐到付
✧
𓈒𓏸︎︎︎︎元朗教育路嘉城廣場𝟐樓𝟐𝟎𝟎𝟑舖
𓈒𓏸︎︎︎︎門市設有試身室/逢星期四休息
✧
網站看更多産品↓",401,11806,0,0
in.a.stone_men,2024-02-10,"韓國選物🇰🇷
門市不定期開放 請留意開放時間表
女裝 @in.a.stone
@in.a.stone_beauty",349,12077,1,9.0
in.a.stone,2024-02-10,"韓國選物🇰🇷
✨門市不定期開放 請留意開放時間表✨
男裝 @in.a.stone_men 
保養 @in.a.stone_beauty",1964,36740,1,17.0
fungus_hk,2024-02-10,"ʟᴏᴄᴀʟ | ʜᴏɴɢ ᴋᴏɴɢ 🇭🇰​
▾​
直接IG訂購：​
💳匯豐 HSBC/中銀 BOC/PAYME/FPS​
▾​",342,6089,0,0
3amproduccion,2024-02-10,"Follow @3amstudio.hk ♡︎
持商業登記證 | 153-168cm Model為你示範⸜( ᐛ )⸝
網站自助下單 | 順豐到付
查詢/合作 | Whatsapp 98808237 (不設通話)
Direct Message不回覆",4412,65386,0,0
kumo.shiroii,2024-02-10,"🩰🪐🫧🍓🤍
Opening Hours🕑
3-8 pm (Mon OFF) 
⠀⠀
♡ ⠀⠀
本店持有效商業登記證🔖
☁️｜韓國美妝護膚品 @kumokumo.hk
🧢｜品牌代購 @kumo.diaryy
🧚🏻‍♀️｜買滿$800成為VIP永久95折
🚚｜三件服裝包順豐
🛒｜網站自助下單↓",708,18565,1,58.0
pear.petal,2024-02-10,"🌷新品→ 逢週五6pm網站上架🌷
❏ 註冊會員即送 $10 ♥
❏ 查詢| 商業合作 DM • WS
❏ 持商業登記證
❏ 港澳台配送 • 網站自助下單",799,8606,0,0
f0r.every0ne,2024-02-10,"100% MADE IN KOREA ｜不定期韓國連線
葵興工作室自取 
買滿$799即享免運費
@f0r.every0nee 
電郵查詢會更快回覆
網站查看更多貨品 24小時下單↓",334,23231,3,229.66666666666666
clodayshk,2024-02-10,"@clodayshk @clodayss 
ฅ♡持有效商業登記證 | 網站自助下單
・單次購物滿HKD$800即可成為VIP
———
查詢🪧Whatsapp 5717 8232 / Dm
順豐到付📦 港澳買滿$600免自取點運費
接受Tap&Go / PayMe /八達通消費券",412,10559,0,0
delunaboutique,2024-02-10,"♡ Hello 2024 ♡ New Season🌷
🏮 新年優惠：1件95折 2件9折 4件88折
「幫你襯衫」超值福袋 限量發售中🧨🧧
-
WhatsApp +852 46079931
初五(14)啟市恢復出貨｜預訂7-21工作天
-
👇🏻網站自助下單 消費券OK .ᐟ.ᐟ",469,24583,0,0
dzagedesigns,2024-02-10,"New year sale is here!
Simply great clothing
Stop by to shop ⬇️",823,53536,0,0
hugland.co,2024-02-10,"新一年 1件包郵.ᐟ‪‪‬.ᐟ‪‪‬
觀塘工作室✿設有試身室
_ 
購物滿$800即時免運費及成為會員
_
𝟙𝟘𝟘% 𝕕𝕖𝕝𝕚𝕧𝕖𝕣𝕪 𝕗𝕣𝕠𝕞 𝕁𝕒𝕡𝕒𝕟 𝕒𝕟𝕕 𝕂𝕠𝕣𝕖𝕒",731,11053,3,23.666666666666668
wardrobe.hk,2024-02-10,"🩶門市每天開放🩶 3-9pm💗
「𝙒𝙚 𝙖𝙧𝙚 𝙮𝙤𝙪𝙧 𝙬𝙖𝙧𝙙𝙧𝙤𝙗𝙚 」🧺
··· 𝗦𝗶𝗻𝗰𝗲 𝟮𝟬𝟮𝟬 ···
•
✈︎worldwide shipping✈︎
貨品均由韓國直送
• 
下單前請細閱購物須知
⤹網站24小時自助下單🛒",533,18468,1,105.0
inscoo.studio,2024-02-10,"🇭🇰香港｜Unisex
2間門市都設有試衣間
全現貨發售
/
🕰️營業時間：（唔建議咁準時到😂)
1. 旺角百寶利611室：14:00-21:00
2. 荔枝角D2 place one 213A：12:00-20:00
/
網站自助落單
🇭🇰香港免運費
🇹🇼台灣滿HK$800免運費
/",295,29084,3,150.66666666666666
timefault.hk,2024-02-10,"📌旺角門市｜旺角豉油街29號1樓🆕
📌旺角門市｜旺角花園街41B百祥大廈1樓A6-A7
📌尖沙咀地舖｜尖沙咀加連威老道63號
㩒一下密碼鎖上面白色鐘仔開門～
-
開放時間1-1030PM
VINTAGE|GLOBAL SHIPPING🌍",1855,60665,0,0
blackmodes_,2024-02-10,"🇰🇷全店優惠網站與門市同步進行中💖🌟
𝑨𝒍𝒍 𝑴𝒂𝒅𝒆 𝒊𝒏 𝑲𝒐𝒓𝒆𝒂
◎所有貨品經韓國東大門直送到港 
2024正版正貨(編號0009、0010)
⁡
𖠿門市位置
𓐍葵芳新都會2樓236號舖
𓐍旺角彌敦道700號T.O.P 3/F 318舖
𓐍旺角西洋菜南街好望角大廈16樓10室",2548,64685,0,0
sense_store,2024-02-10,"𝘼𝙙𝙙𝙧𝙚𝙨𝙨
🇭🇰
📍25/F Mong Kok Metro 594-596 Nathan Road, Mongkok 
📍1/F 8 Pak Sha Road, Causeway Bay
🇲🇴 
📍澳門 荷蘭園大馬路49號地舖
.
🌐 𝙊𝙣𝙡𝙞𝙣𝙚 (Worldwide Shipping)",155,102418,0,0
__deerest,2024-02-10,"♡
👉🏻請參考highlight【2月開放時間】
留意時間勿摸門釘啊🙇🏻‍♀️
（只限試身 貨品需預購）
.
▫️滿700順豐免運
✆ 查詢 : whatsapp 51929112
.
🛒網站下單",1666,60733,2,37.0
chichistorehk,2024-02-10,"🌺新 春 優 惠🌺
𝟯 件減 $𝟑 𝟖
𝟱 件減 $𝟖 𝟖
𝟲 件減 $𝟏 𝟑 𝟖
𝒮𝒾𝓃𝒸𝓮 𝟮𝟬𝟭𝟳
🇯🇵𝟏 𝟎 𝟎 % 日 本 直 送 
—————————————
荔枝角門市預約制♥
⬇️網站落單⬇️",1598,16765,0,0
onion.hk,2024-02-10,"✿ 2月份優惠全單滿$300免運費✿
單次購物滿$800即時享有9折! 
成為VIP後永久享有9折優惠♡ 
/
查詢. DM / 65729581
貨物出門恕不退換:)
網站24小時全自助下單：",1901,11655,3,3.6666666666666665
dwilapparels,2024-02-10,"🧧1月韓國連線新春團✈️
¹⁰⁰% ᵐᵃᵈᵉ ⁱⁿ ᵏᵒʳᵉᵃ🇰🇷
♡ ᴅʀᴇss ᴡᴇʟʟ ɪɴ ʟᴏᴠᴇ ♡
🛍️觀塘工作室設試身室APM側 
五4-8 | 六2-7 | 日2-6
📦全單滿三件包郵
網站自助下單及查看所有款式🛒
訂單查詢網站統一優先回覆",1401,67789,0,0
koreal.apparel,2024-02-10,"🐻 Quality Causal Wear
📍 Shop 203, 2/F Laforet, Causeway Bay
🕰️ 1:00-9:30PM Everyday
🍓 Accessories @koreal.hk 
📩 Online Order | WhatsApp 95021844",80,1630,1,12.0
ajournal.wear,2024-02-10,"❛ 葵興 Showroom / 開放時間在story
❛ 100% 𝖲𝗁𝗂𝗉𝗉𝖾𝖽 𝖿𝗋𝗈𝗆 𝖪𝖮𝖱𝖤𝖠
❛ 𝖶𝗁𝖺𝗍𝗌𝖺𝗉𝗉 𝟨𝟧𝟩𝟨𝟨𝟩𝟪𝟪 (不設語音)
❛ 所有貨品不設退換
❛ 葵興工業街華發工業大廈前座20樓7B",754,32300,0,0
lumos_mo,2024-02-10,"網站購買9折進行中🐰
香港地區滿$500免運費
澳門地區歡迎Ebuy寄貨/門店自取
@febpear_mo 
Design select shop @lumos_mo 
Vintage store @sisland_market
📍澳門瘋堂新街23號地下（小島古着二樓）",130,4733,0,0
acme.co_,2024-02-10,"—
Style your life with the simplest items❕
—
Order/Any enquirers
DM/WhatsApp
—
🌾Payment 
HSBC/BOC/PAYME",300,12038,0,0
sibling_co,2024-02-10,"▫️🇰🇷韓國服飾|最美新年團已上架🧧
▫️台灣時尚運動內衣品牌mumm【香港區代理】
-
▫️免費註冊➡️領取$20新會員購物金
▫️購物滿𝐇𝐊𝐃𝟖𝟎𝟎免費配送📮
▫️每次下單享2%回贈
-
🌎Worldwide Shipping全球運送",294,17537,0,0
cornerc.co,2024-02-10,"旺角𝙏.𝙊.𝙋商場𝟯𝟬𝟯號舖
​𝙈𝙤𝙣-𝙁𝙧𝙞, 𝟭-𝟵𝙥𝙢 𝙎𝙖𝙩-𝙎𝙪𝙣,𝟭-𝟵:𝟯𝟬𝙥𝙢​
​
​🌷網站下單‪‪滿$500免運費；預訂貨品9折優惠！
☎️查詢請WhatsApp ​+𝟴𝟱𝟮 𝟱𝟭 𝟬𝟭𝟰 𝟬𝟭𝟰 📟ᐝ",1882,98370,4,290.5
hiyori_store,2024-02-10,"🚪 𝗢𝗣𝗘𝗡𝗜𝗡𝗚 𝗛𝗢𝗨𝗥𝗦 𝟯-𝟴𝗣𝗠 | 𝗦𝗔𝗧 𝟯-𝟵𝗣𝗠 
.
“ Any day is perfect for shopping.”
.
下單|⇣
🛒 WEBSITE",398,14498,0,0
mormor_s,2024-02-10,"𓀡
實體店每天營業⚐ 
↟葵涌廣場3樓時尚坊82F ＆ 29 
（頂層｜爭鮮旁）
◔ 2－9:30
 
Ig款式只有更新少量
門市每週都有新款上架\(^ヮ^)/
↟大家來門市摸摸拼拼吧ෆ
 
訂單查詢 ☏ 63167522",2420,56574,0,0
82closet,2024-02-10,"☁️ All from Korea 
☁️ Unisex & woman’s wear
☁️ 門市營業時間請查看highlight story",302,16840,0,0
sunflower___club,2024-02-10,"✧*｡  𝘀𝘂𝗻𝗳𝗹𝗼𝘄𝗲𝗿 𝘀𝘁𝗶𝗹𝗹 𝗴𝗿𝗼𝘄𝘀 𝗮𝘁 𝗻𝗶𝗴𝗵𝘁  ✧*｡ 🌻
✧*｡ 門市營業時間 𝗵𝗶𝗴𝗵𝗹𝗶𝗴𝗵𝘁 每週更新 ✧*｡
｀
🌐 𝘀𝗲𝗹𝗲𝗰𝘁𝗲𝗱 𝗴𝗼𝗼𝗱𝘀 𝗳𝗿𝗼𝗺 𝗸𝗿
〰️單次購物滿800hkd 成為會員下次起享有95折 
〰️ 四件上下裝衣物包郵
〰️ 港澳台配送🛹",151,18902,0,0
mody.closet,2024-02-10,"🧺 店主親自向韓國廠商入貨 質量保證👵🏻✨
Order HERE👇🏻 DM / Whatsapp 
-
滿$800包郵送到家📮
訂購過程7-21工作天(逢星期三&日為截單日)
NO EXCHANGE & REFUND
圖片或有色差 完美主義者請慎重考慮",815,17110,0,0
whoops.hk,2024-02-10,"新品上架 5% OFF⚡️
所有訂單（包括韓網代購）免運費 🚚🆓
⋯
現貨1-3日 / 預訂7-20日
港澳台 / 英澳美
FPS / ATM / PAYME / TAP&GO / 八達通 / 支付寶 / 信用卡
⋯
🇰🇷 100% 韓國直送
🔻客服查詢｜網站下單🔻",1190,31448,0,0
moonlightgangsters,2024-02-10,"W͟e͟ 𝑫͟𝑶͟𝑵͟’𝑻͟ d͟o͟ ͟b͟a͟s͟i͟c͟!͟
📦 𝖂𝖔𝖗𝖑𝖉𝖜𝖎𝖉𝖊 𝖘𝖍𝖎𝖕𝖕𝖎𝖓𝖌
🛸 港澳台 網站買滿$800免運費及成為VIP
🕰 營業時間在STORY HIGHLIGHT
💒 旺角同珍商業中心1603室
 
#泰國代購 #韓國代購 #越南代購🇹🇭🇻🇳🇰🇷",352,14788,2,180.5
maum.kr,2024-02-10,"新會員送$20購物金💰
.
居韓店主🇰🇷
港/澳三件免運費
所有韓網均有代購～歡迎查詢◡̈
.
網站有更多款式⤵︎",964,24298,4,19.75
sillyegg.vintage,2024-02-10,"📦 觀塘古著門市 請留意開店時間
🕰星期一至日 （1400-2000) 
🔈網站更新中 下單請pm
😺Visa / Master / Payme/ FPS /消費卷👌
😺Online Shopping/實體店
觀塘新城工商中心313室
觀塘地鐵站D4出口",535,21555,2,269.0
two.collection,2024-02-10,"♡ ⒽⒶⓅⓅⓎ ⓃⒺⓌ ⓎⒺⒶⓇ ♡
𝟐大情侶裝雙面羽絨再補貨
🥇$𝟒𝟗𝟗 𝐖𝐇𝐎𝐀𝐔熱賣過𝟐𝟎𝟎𝟎件
🥈$𝟒𝟒𝟗 𝐒𝐏𝐀𝐎簡約無印風款
ⵢ
𝗢𝗣𝗘𝗡 𝗘𝗩𝗘𝗥𝗬𝗗𝗔𝗬
​¹ 旺角商業大廈𝟭𝟬樓𝟬𝟰室
² 葵涌廣場𝟯樓時尚坊𝟲𝟱號鋪
​
查詢丨貨品詳情請𝐃𝐌
網站𝟐𝟒小時自助下單",7499,84803,0,0
tactual.hk,2024-02-10,"✉️WhatsApp：55088066 
📍（門市）旺角潮流特區2樓231鋪 彌敦道580
📍（工作室）信和中心18樓1806室 彌敦道582
⏰營業時間 15:00至22:00（信和不定時開放）
⬇️網店連結⬇️",13147,12693,1,1.0
iiinlab,2024-02-10,"網站正常下單 初六開始跟訂單次序出貨❗️
香港 澳門 買滿$300以上 順豐包郵
收貨後7日內提供換碼換款服務
WhatsApp: 6766 1724",3054,81823,0,0
onece.co,2024-02-10,"新年期間照常營業
-
Offline：葵涌大連排道83號K83大廈1F05-06
(葵興站E出口)
提供配搭造型服務及試身室
一至日1400-2100
-
Online : 港澳地區免運費/全現貨即日發貨
蝦皮台灣：onece.co",390,69534,0,0
179cm.korea,2024-02-10,"Made in Korea
Quality Over Everything.
·
香港3件免運費|澳門及台灣4件免運費
🛒持有效商業登記證
DM 查詢| 網頁自助下單",559,26802,0,0
downshifting_hk,2024-02-10,"EST 2020
.
Based in Hong Kong
.
Wear with confidence",345,13076,0,0
concept_kimbo,2024-02-10,"🔥滿$299免運費🔥
歡迎查詢 & 網站下單
可修改褲長可換碼
📣接受ApplePay/ Payme/八達通/信用卡等
🇰🇷韓國直送
店主親身試穿每件衫褲
.
查詢:IG DM/ Wts55116559
付款後7-14工作天到貨
商業編號2941787",129,6018,0,0
dress.code_hk,2024-02-10,"下個截單日：28/1
-𝟏𝟎𝟎% 𝐦𝐚𝐝𝐞 𝐢𝐧 𝐤𝐨𝐫𝐞𝐚-
-持有效商業登記證-
.
🚚全店三件享有順豐包郵
📦現貨3日內 預訂截單後7-14日
💵 ᴀᴛᴍ  |  ᴘᴀʏᴍᴇ | ғᴘs 
📩查詢/下單請𝐃𝐌 • 𝐖𝐡𝐚𝐭𝐬𝐀𝐩𝐩",160,3808,0,0
soulo.hk,2024-02-10,"𝙄 𝙡𝙤𝙫𝙚 𝙩𝙝𝙖𝙩 𝙄 𝙖𝙢 𝙞𝙢𝙥𝙚𝙧𝙛𝙚𝙘𝙩.
🇰🇷東大門直送男女裝
🙎🏻‍♀️ 160cm 54kg 🙎🏻‍♀️ 168cm 56kg
．
滿$500 免運費✨新品區長期9折💓
截單時間：逢星期一
👭🏻 Since 2023
💰 接受Payme．FPS · Alipay
🔍 歡迎DM查詢",296,5199,0,0
oaknus,2024-02-10,"🕯All pretty goods collect from Korea
—
接受消費券🪩
少量現貨 • 預訂需7-18工作天
截單日為每星期六📢
※ 持有效商業登記證",137,7161,0,0
sugu.hk,2024-02-10,"🇰🇷 ᴘʀᴏᴅᴜᴄᴛ ғʀᴏᴍ ᴋᴏʀᴇᴀ 🇰🇷 用心經營❤️
🇭🇰❤️請大家多多支持香港本土服裝小店🥰🇭🇰 
🌍𝐖𝐨𝐫𝐥𝐝𝐰𝐢𝐝𝐞 𝐒𝐡𝐢𝐩𝐩𝐢𝐧𝐠 🛒全球運送📦
↓↓ ↓網站自助下單 ↓↓↓ / 🔍任何查詢 ➡️ 請𝘿𝙈",447,23775,0,0
chico__official___,2024-02-10,"Chico official Instagram
.
新作予約は毎週金曜日18:00〜
次回は1/26(金) 18:00より春アウターを中心とした新作アイテムの予約をスタート！
.
Chico ONLINE STORE ⬇︎",4913,417007,4,890.25hissohk,2024-02-11,"🆑年終清貨優惠🚨
🐲新年優惠 買2送1 買3送2🧧
🪭福袋$299/3件 $399/2件 進行中🏮
🏷️OUTLET店超低價優惠✨
💼@storybehindhk
📩DM for Collab
🤞🏻Authentic Urban Lifestyle 
💻Online Store設快遞/門市自取📦",2538,147381,24,875.4583333333334
fumble_official,2024-02-11,"．東 洋 西 滙．
コンセプトストア:
📍HONG KONG
旺角西洋菜南街38-40號萬高商業大廈5樓B室
-
📍TAIPEI
台北大同區赤峰街12巷3號
#BeACityBoy
#質の高い都市生活を探索する
-
🌐公式ウェブサイト：",676,52171,12,57.416666666666664
hissohk,2024-02-11,"🆑年終清貨優惠🚨
🐲新年優惠 買2送1 買3送2🧧
🪭福袋$299/3件 $399/2件 進行中🏮
🏷️OUTLET店超低價優惠✨
💼@storybehindhk
📩DM for Collab
🤞🏻Authentic Urban Lifestyle 
💻Online Store設快遞/門市自取📦",2538,147381,24,875.9583333333334
fumble_official,2024-02-11,"．東 洋 西 滙．
コンセプトストア:
📍HONG KONG
旺角西洋菜南街38-40號萬高商業大廈5樓B室
-
📍TAIPEI
台北大同區赤峰街12巷3號
#BeACityBoy
#質の高い都市生活を探索する
-
🌐公式ウェブサイト：",676,52171,12,57.416666666666664
little.breezee,2024-02-11,"✿於IGSTORY回圖+TAG我們即可獲得購物金.ᐟ‪.ᐟ✿
一
♡𝐖𝐨𝐫𝐥𝐝𝐰𝐢𝐝𝐞 𝐝𝐞𝐥𝐢𝐯𝐞𝐫𝐲🌎🤍
♡開業至今訂單量已累積9000+ 🔥
♡韓國入貨👩🏼‍💻🇰🇷
♡每日高效率訂貨🥨滿$500包順豐站/智能櫃🕰
♡𝐒𝐢𝐧𝐜𝐞 𝐉𝐮𝐧𝐞 𝟐𝟎𝟐𝟎🍞
♡網站自助下單.ᐟ.ᐟ🛒",542,25754,0,0
2.pm_store,2024-02-11,"韓國東大門服飾🇰🇷
153cm - 167cm model上身圖♡
✧
單次購物滿$1000成為永久會員💘
逢星期四23:59截單
接受所有付款方式➿
門市自取/ 順豐到付
✧
𓈒𓏸︎︎︎︎元朗教育路嘉城廣場𝟐樓𝟐𝟎𝟎𝟑舖
𓈒𓏸︎︎︎︎門市設有試身室/逢星期四休息
✧
網站看更多産品↓",401,11804,0,0
in.a.stone_men,2024-02-11,"韓國選物🇰🇷
門市不定期開放 請留意開放時間表
女裝 @in.a.stone
@in.a.stone_beauty",349,12076,1,10.0
in.a.stone,2024-02-11,"韓國選物🇰🇷
✨門市不定期開放 請留意開放時間表✨
男裝 @in.a.stone_men 
保養 @in.a.stone_beauty",1964,36741,1,19.0
fungus_hk,2024-02-11,"ʟᴏᴄᴀʟ | ʜᴏɴɢ ᴋᴏɴɢ 🇭🇰​
▾​
直接IG訂購：​
💳匯豐 HSBC/中銀 BOC/PAYME/FPS​
▾​",342,6089,0,0
3amproduccion,2024-02-11,"Follow @3amstudio.hk ♡︎
持商業登記證 | 153-168cm Model為你示範⸜( ᐛ )⸝
網站自助下單 | 順豐到付
查詢/合作 | Whatsapp 98808237 (不設通話)
Direct Message不回覆",4412,65395,0,0
kumo.shiroii,2024-02-11,"🩰🪐🫧🍓🤍
Opening Hours🕑
3-8 pm (Mon OFF) 
⠀⠀
♡ ⠀⠀
本店持有效商業登記證🔖
☁️｜韓國美妝護膚品 @kumokumo.hk
🧢｜品牌代購 @kumo.diaryy
🧚🏻‍♀️｜買滿$800成為VIP永久95折
🚚｜三件服裝包順豐
🛒｜網站自助下單↓",708,18644,1,242.0
hissohk,2024-02-12,"🆑年終清貨優惠🚨
🐲新年優惠 買2送1 買3送2🧧
🪭福袋$299/3件 $399/2件 進行中🏮
🏷️OUTLET店超低價優惠✨
💼@storybehindhk
📩DM for Collab
🤞🏻Authentic Urban Lifestyle 
💻Online Store設快遞/門市自取📦",2541,147419,23,931.8260869565217
hissohk,2024-02-12,"🆑年終清貨優惠🚨
🐲新年優惠 買2送1 買3送2🧧
🪭福袋$299/3件 $399/2件 進行中🏮
🏷️OUTLET店超低價優惠✨
💼@storybehindhk
📩DM for Collab
🤞🏻Authentic Urban Lifestyle 
💻Online Store設快遞/門市自取📦",2541,147419,23,932.0
hissohk,2024-02-12,"🆑年終清貨優惠🚨
🐲新年優惠 買2送1 買3送2🧧
🪭福袋$299/3件 $399/2件 進行中🏮
🏷️OUTLET店超低價優惠✨
💼@storybehindhk
📩DM for Collab
🤞🏻Authentic Urban Lifestyle 
💻Online Store設快遞/門市自取📦",2541,147419,23,933.7391304347826
fumble_official,2024-02-12,"．東 洋 西 滙．
コンセプトストア:
📍HONG KONG
旺角西洋菜南街38-40號萬高商業大廈5樓B室
-
📍TAIPEI
台北大同區赤峰街12巷3號
#BeACityBoy
#質の高い都市生活を探索する
-
🌐公式ウェブサイト：",676,52165,7,77.0
little.breezee,2024-02-12,"✿於IGSTORY回圖+TAG我們即可獲得購物金.ᐟ‪.ᐟ✿
一
♡𝐖𝐨𝐫𝐥𝐝𝐰𝐢𝐝𝐞 𝐝𝐞𝐥𝐢𝐯𝐞𝐫𝐲🌎🤍
♡開業至今訂單量已累積9000+ 🔥
♡韓國入貨👩🏼‍💻🇰🇷
♡每日高效率訂貨🥨滿$500包順豐站/智能櫃🕰
♡𝐒𝐢𝐧𝐜𝐞 𝐉𝐮𝐧𝐞 𝟐𝟎𝟐𝟎🍞
♡網站自助下單.ᐟ.ᐟ🛒",543,25759,0,0
2.pm_store,2024-02-12,"韓國東大門服飾🇰🇷
153cm - 167cm model上身圖♡
✧
單次購物滿$1000成為永久會員💘
逢星期四23:59截單
接受所有付款方式➿
門市自取/ 順豐到付
✧
𓈒𓏸︎︎︎︎元朗教育路嘉城廣場𝟐樓𝟐𝟎𝟎𝟑舖
𓈒𓏸︎︎︎︎門市設有試身室/逢星期四休息
✧
網站看更多産品↓",401,11825,0,0
in.a.stone_men,2024-02-12,"韓國選物🇰🇷
門市不定期開放 請留意開放時間表
女裝 @in.a.stone
@in.a.stone_beauty",349,12075,1,10.0
in.a.stone,2024-02-12,"韓國選物🇰🇷
✨門市不定期開放 請留意開放時間表✨
男裝 @in.a.stone_men 
保養 @in.a.stone_beauty",1964,36740,1,19.0
fungus_hk,2024-02-12,"ʟᴏᴄᴀʟ | ʜᴏɴɢ ᴋᴏɴɢ 🇭🇰​
▾​
直接IG訂購：​
💳匯豐 HSBC/中銀 BOC/PAYME/FPS​
▾​",342,6088,0,0
3amproduccion,2024-02-12,"Follow @3amstudio.hk ♡︎
持商業登記證 | 153-168cm Model為你示範⸜( ᐛ )⸝
網站自助下單 | 順豐到付
查詢/合作 | Whatsapp 98808237 (不設通話)
Direct Message不回覆",4412,65387,0,0
kumo.shiroii,2024-02-12,"🩰🪐🫧🍓🤍
Opening Hours🕑
3-8 pm (Mon OFF) 
⠀⠀
♡ ⠀⠀
本店持有效商業登記證🔖
☁️｜韓國美妝護膚品 @kumokumo.hk
🧢｜品牌代購 @kumo.diaryy
🧚🏻‍♀️｜買滿$800成為VIP永久95折
🚚｜三件服裝包順豐
🛒｜網站自助下單↓",710,18698,3,179.33333333333334
pear.petal,2024-02-12,"🌷新品→ 逢週五6pm網站上架🌷
❏ 註冊會員即送 $10 ♥
❏ 查詢| 商業合作 DM • WS
❏ 持商業登記證
❏ 港澳台配送 • 網站自助下單",801,8626,0,0
f0r.every0ne,2024-02-12,"100% MADE IN KOREA ｜不定期韓國連線
葵興工作室自取 
買滿$799即享免運費
@f0r.every0nee 
電郵查詢會更快回覆
網站查看更多貨品 24小時下單↓",335,23265,4,239.75
clodayshk,2024-02-12,"@clodayshk @clodayss 
ฅ♡持有效商業登記證 | 網站自助下單
・單次購物滿HKD$800即可成為VIP
———
查詢🪧Whatsapp 5717 8232 / Dm
順豐到付📦 港澳買滿$600免自取點運費
接受Tap&Go / PayMe /八達通消費券",412,10554,0,0
delunaboutique,2024-02-12,"♡ Hello 2024 ♡ New Season🌷
🏮 新年優惠：1件95折 2件9折 4件88折
「幫你襯衫」超值福袋 限量發售中🧨🧧
-
WhatsApp +852 46079931
初五(14)啟市恢復出貨｜預訂7-21工作天
-
👇🏻網站自助下單 消費券OK .ᐟ.ᐟ",470,24665,0,0
dzagedesigns,2024-02-12,"New year sale is here!
Simply great clothing
Stop by to shop ⬇️",823,53604,0,0
hugland.co,2024-02-12,"新一年 1件包郵.ᐟ‪‪‬.ᐟ‪‪‬
觀塘工作室✿設有試身室
_ 
購物滿$800即時免運費及成為會員
_
𝟙𝟘𝟘% 𝕕𝕖𝕝𝕚𝕧𝕖𝕣𝕪 𝕗𝕣𝕠𝕞 𝕁𝕒𝕡𝕒𝕟 𝕒𝕟𝕕 𝕂𝕠𝕣𝕖𝕒",732,11051,2,22.0
wardrobe.hk,2024-02-12,"🩶門市每天開放🩶 3-9pm💗
「𝙒𝙚 𝙖𝙧𝙚 𝙮𝙤𝙪𝙧 𝙬𝙖𝙧𝙙𝙧𝙤𝙗𝙚 」🧺
··· 𝗦𝗶𝗻𝗰𝗲 𝟮𝟬𝟮𝟬 ···
•
✈︎worldwide shipping✈︎
貨品均由韓國直送
• 
下單前請細閱購物須知
⤹網站24小時自助下單🛒",533,18511,1,138.0
inscoo.studio,2024-02-12,"🇭🇰香港｜Unisex
2間門市都設有試衣間
全現貨發售
/
🕰️營業時間：（唔建議咁準時到😂)
1. 旺角百寶利611室：14:00-21:00
2. 荔枝角D2 place one 213A：12:00-20:00
/
網站自助落單
🇭🇰香港免運費
🇹🇼台灣滿HK$800免運費
/",295,29126,3,180.66666666666666
timefault.hk,2024-02-12,"📌旺角門市｜旺角豉油街29號1樓🆕
📌旺角門市｜旺角花園街41B百祥大廈1樓A6-A7
📌尖沙咀地舖｜尖沙咀加連威老道63號
㩒一下密碼鎖上面白色鐘仔開門～
-
開放時間1-1030PM
VINTAGE|GLOBAL SHIPPING🌍",1858,60855,0,0
blackmodes_,2024-02-12,"🇰🇷全店優惠網站與門市同步進行中💖🌟
𝑨𝒍𝒍 𝑴𝒂𝒅𝒆 𝒊𝒏 𝑲𝒐𝒓𝒆𝒂
◎所有貨品經韓國東大門直送到港 
2024正版正貨(編號0009、0010)
⁡
𖠿門市位置
𓐍葵芳新都會2樓236號舖
𓐍旺角彌敦道700號T.O.P 3/F 318舖
𓐍旺角西洋菜南街好望角大廈16樓10室",2548,64675,0,0
sense_store,2024-02-12,"𝘼𝙙𝙙𝙧𝙚𝙨𝙨
🇭🇰
📍25/F Mong Kok Metro 594-596 Nathan Road, Mongkok 
📍1/F 8 Pak Sha Road, Causeway Bay
🇲🇴 
📍澳門 荷蘭園大馬路49號地舖
.
🌐 𝙊𝙣𝙡𝙞𝙣𝙚 (Worldwide Shipping)",155,102639,4,-1.0
